{"Decision Tree": -725594.7562245659, "Random Forest": -412279.09778822877, "AdaBoost Regressor": -735651.519723708, "Gradient Boosting": -437778.83349394694, "Linear Regression": -666448.7481236232, "Lasso Regression": -666546.5925671713, "Ridge Regression": -666614.5518968365, "Elastic Regression": -2358258.6767083397, "MLP Regression": -605356.9167270053}